<?xml version="1.0" encoding="UTF-8"?>
<metadata>
  <groupId>com.layer.xdk</groupId>
  <artifactId>xdk</artifactId>
  <versioning>
    <release>4.0.9</release>
    <versions>
      <version>1.0.0-pre1</version>
      <version>1.0.0-pre2</version>
      <version>4.0.0</version>
      <version>4.0.1</version>
      <version>4.0.2</version>
      <version>4.0.3</version>
      <version>4.0.4</version>
      <version>4.0.5</version>
      <version>4.0.6</version>
      <version>4.0.7</version>
      <version>4.1.0-pre1</version>
      <version>4.0.8</version>
      <version>4.0.9</version>
    </versions>
    <lastUpdated>20181003171647</lastUpdated>
  </versioning>
</metadata>
